,subject,duration,standing_up,first_walk,first_turn,second_walk,second_turn,sitting_down,status,system
0,s01,-330.0,-343.0,-76.0,78.0,373.0,-439.0,77.0,success,C1
1,s01,-47.0,26.0,-578.0,441.0,622.0,-94.0,-464.0,success,C1
2,s01,-441.0,-615.0,-848.0,-693.0,-2007.0,3924.0,-202.0,success,C1
3,s01,-304.0,846.0,-880.0,45.0,-55.0,7.0,-267.0,success,C1
4,s01,155.0,21.0,132.0,46.0,152.0,-300.0,104.0,success,C1
5,s01,-96.0,1361.0,-1471.0,-137.0,216.0,229.0,-294.0,success,C1
6,s01,4.0,140.0,-246.0,283.0,162.0,-202.0,-133.0,success,C1
7,s01,170.0,-573.0,-1364.0,-828.0,-660.0,3583.0,12.0,success,C1
8,s01,170.0,403.0,-593.0,674.0,-178.0,5.0,-140.0,success,C1
9,s01,75.0,-251.0,102.0,1017.0,-1062.0,141.0,128.0,success,C1
10,s02,57.0,-245.0,41.0,-362.0,153.0,-27.0,497.0,success,C1
11,s02,-881.0,112.0,-218.0,16.0,-81.0,295.0,-1005.0,success,C1
12,s02,-251.0,161.0,-202.0,-324.0,640.0,76.0,-602.0,success,C1
13,s02,-339.0,95.0,-348.0,78.0,4.0,-45.0,-123.0,success,C1
14,s02,-365.0,-303.0,106.0,0.0,-201.0,243.0,-210.0,success,C1
15,s02,-247.0,-11.0,-255.0,506.0,-366.0,280.0,-401.0,success,C1
16,s02,-271.0,-79.0,-418.0,426.0,-78.0,246.0,-368.0,success,C1
17,s02,-444.0,126.0,-272.0,248.0,-168.0,280.0,-658.0,success,C1
18,s02,-421.0,-179.0,84.0,94.0,-113.0,161.0,-468.0,success,C1
19,s03,-650.0,-607.0,4182.0,,,-590.0,60.0,partial_success,C1
20,s03,245.0,78.0,520.0,-731.0,742.0,-318.0,-45.0,success,C1
21,s03,-84.0,112.0,675.0,-1002.0,742.0,-317.0,-294.0,success,C1
22,s03,-118.0,-28.0,284.0,-41.0,81.0,-235.0,-179.0,success,C1
23,s03,-266.0,-135.0,5308.0,,,,-263.0,partial_success,C1
24,s03,-54.0,228.0,4584.0,,,,-160.0,partial_success,C1
25,s03,302.0,-333.0,661.0,-587.0,691.0,-384.0,254.0,success,C1
26,s03,742.0,57.0,4346.0,,,-492.0,527.0,partial_success,C1
27,s03,97.0,6.0,849.0,-621.0,-123.0,-59.0,45.0,success,C1
28,s03,-670.0,-469.0,443.0,-400.0,-22.0,-129.0,-93.0,success,C1
29,s04,-187.0,-283.0,-100.0,73.0,-180.0,519.0,-216.0,success,C1
30,s04,242.0,859.0,-751.0,330.0,-703.0,329.0,178.0,success,C1
31,s04,531.0,669.0,-479.0,813.0,-1309.0,243.0,594.0,success,C1
32,s04,-684.0,-969.0,-101.0,-412.0,660.0,-318.0,456.0,success,C1
33,s04,295.0,155.0,-67.0,310.0,-545.0,434.0,9.0,success,C1
34,s04,-313.0,-84.0,-17.0,325.0,-484.0,246.0,-299.0,success,C1
35,s04,629.0,136.0,50.0,-269.0,-279.0,863.0,128.0,success,C1
36,s04,296.0,5.0,185.0,-452.0,523.0,-161.0,195.0,success,C1
37,s04,-143.0,123.0,-106.0,-368.0,254.0,251.0,-297.0,success,C1
38,s04,737.0,172.0,150.0,347.0,-795.0,316.0,547.0,success,C1
39,s05,227.0,658.0,-642.0,-213.0,203.0,-28.0,249.0,success,C1
40,s05,-108.0,1055.0,-1204.0,-127.0,267.0,-283.0,185.0,success,C1
41,s05,,,-826.0,6.0,140.0,-233.0,785.0,failure,C1
42,s05,243.0,860.0,-657.0,5.0,-49.0,106.0,-22.0,success,C1
43,s05,,,-284.0,-450.0,240.0,-44.0,279.0,failure,C1
44,s05,198.0,363.0,-127.0,-21.0,-172.0,89.0,66.0,success,C1
45,s05,348.0,-254.0,507.0,-145.0,-292.0,-13.0,545.0,success,C1
46,s05,361.0,-64.0,127.0,12.0,-141.0,106.0,321.0,success,C1
47,s05,1036.0,333.0,150.0,-61.0,-277.0,22.0,870.0,success,C1
48,s05,222.0,-44.0,37.0,-90.0,-58.0,38.0,340.0,success,C1
49,s06,-71.0,-401.0,234.0,1.0,263.0,-151.0,-17.0,success,C1
50,s06,389.0,263.0,-190.0,205.0,-660.0,224.0,547.0,success,C1
51,s06,9.0,22.0,-261.0,-6.0,269.0,-135.0,119.0,success,C1
52,s06,29.0,362.0,-39.0,-266.0,123.0,-39.0,-112.0,success,C1
53,s06,-406.0,-167.0,-296.0,213.0,-322.0,207.0,-41.0,success,C1
54,s06,-132.0,724.0,-469.0,-285.0,23.0,121.0,-245.0,success,C1
55,s06,-111.0,1170.0,-1082.0,246.0,-146.0,33.0,-331.0,success,C1
56,s06,-549.0,179.0,-330.0,162.0,-235.0,362.0,-686.0,success,C1
57,s06,465.0,585.0,-586.0,55.0,-35.0,74.0,372.0,success,C1
58,s06,29.0,162.0,-370.0,-251.0,-1.0,668.0,-179.0,success,C1
59,s07,319.0,162.0,285.0,-105.0,-357.0,262.0,72.0,success,C1
60,s07,-870.0,5.0,268.0,12.0,-167.0,39.0,-1027.0,success,C1
61,s07,-346.0,-186.0,61.0,-107.0,-65.0,-128.0,79.0,success,C1
62,s07,-49.0,-34.0,-39.0,112.0,-262.0,144.0,30.0,success,C1
63,s07,-5.0,-97.0,130.0,-162.0,-84.0,77.0,131.0,success,C1
64,s07,197.0,146.0,196.0,-112.0,-238.0,522.0,-317.0,success,C1
65,s07,193.0,247.0,-77.0,145.0,-340.0,311.0,-93.0,success,C1
66,s07,-26.0,42.0,93.0,61.0,-367.0,-107.0,252.0,success,C1
67,s07,129.0,39.0,21.0,169.0,-391.0,-211.0,502.0,success,C1
68,s07,513.0,206.0,130.0,-263.0,88.0,57.0,295.0,success,C1
69,s08,230.0,312.0,-258.0,320.0,-446.0,212.0,90.0,success,C1
70,s08,-209.0,23.0,-580.0,659.0,-216.0,-73.0,-21.0,success,C1
71,s08,-54.0,55.0,35.0,-202.0,-66.0,145.0,-21.0,success,C1
72,s08,385.0,110.0,104.0,-178.0,-74.0,-318.0,741.0,success,C1
73,s08,-31.0,281.0,-424.0,62.0,183.0,61.0,-194.0,success,C1
74,s08,-349.0,79.0,108.0,-446.0,283.0,113.0,-486.0,success,C1
75,s08,-154.0,63.0,-225.0,169.0,-350.0,295.0,-106.0,success,C1
76,s08,-155.0,146.0,104.0,-56.0,-414.0,243.0,-178.0,success,C1
77,s08,146.0,77.0,1.0,-45.0,-161.0,263.0,11.0,success,C1
78,s08,375.0,134.0,-311.0,474.0,-346.0,140.0,284.0,success,C1
79,s09,-700.0,-301.0,-29.0,-447.0,524.0,90.0,-537.0,success,C1
80,s09,-629.0,-246.0,3495.0,-106.0,,,-206.0,partial_success,C1
81,s09,,-43.0,-150.0,-297.0,341.0,,,failure,C1
82,s09,-365.0,109.0,-17.0,-315.0,339.0,5.0,-486.0,success,C1
83,s09,-228.0,-78.0,-67.0,62.0,27.0,-233.0,61.0,success,C1
84,s09,-82.0,246.0,2844.0,,,-116.0,-146.0,partial_success,C1
85,s09,-338.0,-10.0,67.0,-283.0,-139.0,172.0,-144.0,success,C1
86,s09,-64.0,179.0,-323.0,312.0,-434.0,380.0,-178.0,success,C1
87,s09,-183.0,-77.0,-72.0,-96.0,-195.0,40.0,217.0,success,C1
88,s09,-372.0,95.0,-105.0,-351.0,-95.0,429.0,-345.0,success,C1
89,s10,-121.0,589.0,-355.0,-335.0,44.0,-142.0,78.0,success,C1
90,s10,22.0,965.0,-903.0,262.0,-145.0,144.0,-301.0,success,C1
91,s10,-289.0,-183.0,446.0,72.0,-145.0,-161.0,-318.0,success,C1
92,s10,237.0,-29.0,412.0,196.0,-398.0,179.0,-122.0,success,C1
93,s10,-443.0,-250.0,0.0,335.0,-21.0,-22.0,-485.0,success,C1
94,s10,-104.0,39.0,-65.0,129.0,134.0,212.0,-553.0,success,C1
95,s10,-147.0,5.0,57.0,128.0,-71.0,12.0,-278.0,success,C1
96,s10,-100.0,-11.0,396.0,-300.0,-16.0,61.0,-229.0,success,C1
97,s10,-38.0,181.0,-1131.0,947.0,1.0,160.0,-195.0,success,C1
98,s10,-281.0,536.0,-702.0,-228.0,319.0,336.0,-541.0,success,C1
99,s11,-171.0,412.0,-723.0,668.0,-492.0,8.0,-43.0,success,C1
100,s11,-528.0,173.0,-506.0,39.0,195.0,-218.0,-211.0,success,C1
101,s11,-126.0,345.0,-227.0,-43.0,78.0,-235.0,-43.0,success,C1
102,s11,-168.0,479.0,-565.0,55.0,-319.0,380.0,-198.0,success,C1
103,s11,-348.0,-349.0,153.0,-79.0,506.0,-268.0,-311.0,success,C1
104,s11,,,-61.0,54.0,285.0,-234.0,72.0,failure,C1
105,s11,-21.0,362.0,-86.0,-219.0,351.0,-348.0,-81.0,success,C1
106,s11,-962.0,-471.0,-348.0,181.0,126.0,-220.0,-229.0,success,C1
107,s11,-1383.0,-683.0,-574.0,245.0,129.0,-231.0,-269.0,success,C1
108,s11,-443.0,542.0,-502.0,-215.0,-263.0,328.0,-333.0,success,C1
109,s12,160.0,218.0,316.0,-558.0,439.0,-131.0,-124.0,success,C1
110,s12,-185.0,243.0,3561.0,,,231.0,-521.0,partial_success,C1
111,s12,537.0,600.0,257.0,-236.0,-101.0,40.0,-23.0,success,C1
112,s12,8.0,312.0,-26.0,-212.0,-162.0,206.0,-110.0,success,C1
113,s12,-398.0,109.0,-421.0,402.0,-270.0,77.0,-295.0,success,C1
114,s12,-118.0,45.0,-249.0,163.0,213.0,-270.0,-20.0,success,C1
115,s12,-326.0,129.0,307.0,-368.0,-190.0,-59.0,-144.0,success,C1
116,s12,-199.0,39.0,295.0,-367.0,-284.0,331.0,-213.0,success,C1
117,s12,-549.0,-145.0,-361.0,502.0,-204.0,-113.0,-228.0,success,C1
118,s12,-547.0,261.0,-213.0,-118.0,-117.0,39.0,-399.0,success,C1
119,s13,-558.0,-283.0,89.0,138.0,-26.0,179.0,-653.0,success,C1
120,s13,-1.0,-45.0,200.0,126.0,-548.0,312.0,-45.0,success,C1
121,s13,-55.0,263.0,-157.0,269.0,-446.0,263.0,-247.0,success,C1
122,s13,-298.0,-201.0,120.0,-162.0,0.0,-115.0,61.0,success,C1
123,s13,-132.0,-218.0,-16.0,144.0,-207.0,104.0,61.0,success,C1
124,s13,-291.0,-218.0,183.0,9.0,-224.0,-185.0,144.0,success,C1
125,s13,-8.0,295.0,-685.0,404.0,190.0,-100.0,-112.0,success,C1
126,s13,490.0,37.0,84.0,78.0,-407.0,297.0,401.0,success,C1
127,s13,132.0,227.0,-258.0,9.0,-102.0,228.0,28.0,success,C1
128,s13,-298.0,178.0,-600.0,558.0,-290.0,17.0,-161.0,success,C1
129,s14,147.0,-525.0,535.0,-312.0,429.0,-218.0,238.0,success,C1
130,s14,-61.0,-45.0,-199.0,284.0,-491.0,129.0,261.0,success,C1
131,s14,1546.0,-384.0,329.0,44.0,5.0,-27.0,1579.0,success,C1
132,s14,1084.0,195.0,-78.0,-160.0,72.0,402.0,653.0,success,C1
133,s14,829.0,-116.0,178.0,79.0,-112.0,62.0,738.0,success,C1
134,s14,361.0,-676.0,775.0,-112.0,144.0,387.0,-157.0,success,C1
135,s14,127.0,-179.0,163.0,-57.0,106.0,385.0,-291.0,success,C1
136,s14,1164.0,-203.0,370.0,-195.0,245.0,28.0,919.0,success,C1
137,s15,-93.0,-78.0,-117.0,-591.0,965.0,5.0,-277.0,success,C1
138,s15,-765.0,-753.0,357.0,658.0,-770.0,90.0,-347.0,success,C1
139,s15,-112.0,10.0,-266.0,361.0,-478.0,395.0,-134.0,success,C1
140,s15,-176.0,-246.0,-29.0,228.0,0.0,55.0,-184.0,success,C1
141,s15,-117.0,-590.0,601.0,156.0,-162.0,-12.0,-110.0,success,C1
142,s15,-556.0,129.0,-262.0,6.0,23.0,-201.0,-251.0,success,C1
143,s15,-269.0,-335.0,-23.0,179.0,-239.0,278.0,-128.0,success,C1
144,s15,-72.0,-128.0,64.0,37.0,-78.0,-61.0,94.0,success,C1
145,s15,-98.0,-5.0,-452.0,296.0,392.0,-286.0,-42.0,success,C1
146,s15,-326.0,49.0,116.0,38.0,84.0,-847.0,234.0,success,C1
147,s16,-340.0,146.0,-28.0,111.0,-33.0,-150.0,-386.0,success,C1
148,s16,-316.0,-218.0,192.0,148.0,-287.0,-267.0,116.0,success,C1
149,s16,-155.0,-163.0,90.0,-173.0,156.0,-282.0,217.0,success,C1
150,s16,625.0,-284.0,374.0,-75.0,-282.0,7.0,886.0,success,C1
151,s16,-275.0,1169.0,-1099.0,-457.0,461.0,-20.0,-329.0,success,C1
152,s16,-348.0,-676.0,145.0,-59.0,-341.0,648.0,-65.0,success,C1
153,s16,-100.0,-195.0,133.0,-283.0,174.0,243.0,-171.0,success,C1
154,s16,-521.0,-127.0,167.0,-607.0,372.0,57.0,-383.0,success,C1
155,s16,-1159.0,-61.0,-85.0,745.0,-793.0,,-720.0,partial_success,C1
156,s16,364.0,-177.0,253.0,370.0,-835.0,364.0,389.0,success,C1
157,s17,279.0,79.0,-351.0,-28.0,263.0,122.0,194.0,success,C1
158,s17,426.0,62.0,-16.0,-352.0,217.0,57.0,458.0,success,C1
159,s17,177.0,144.0,-256.0,243.0,-473.0,251.0,268.0,success,C1
160,s17,450.0,284.0,-38.0,350.0,-579.0,5.0,428.0,success,C1
161,s17,436.0,401.0,-263.0,-59.0,-73.0,5.0,426.0,success,C1
162,s17,73.0,285.0,-141.0,-61.0,-146.0,-132.0,268.0,success,C1
163,s17,277.0,-285.0,4058.0,,,206.0,11.0,partial_success,C1
164,s17,-38.0,300.0,3509.0,,,6.0,45.0,partial_success,C1
165,s17,343.0,419.0,-551.0,501.0,-498.0,23.0,450.0,success,C1
166,s17,113.0,-386.0,582.0,5.0,-346.0,123.0,135.0,success,C1
167,s18,-435.0,-7.0,-195.0,280.0,-117.0,26.0,-422.0,success,C1
168,s18,44.0,280.0,-7.0,74.0,-118.0,-168.0,-17.0,success,C1
169,s18,-231.0,-558.0,617.0,-679.0,735.0,-151.0,-195.0,success,C1
170,s18,-257.0,-273.0,88.0,56.0,99.0,-112.0,-115.0,success,C1
171,s18,126.0,509.0,-12.0,-144.0,135.0,127.0,-489.0,success,C1
172,s18,-552.0,-35.0,151.0,-172.0,-122.0,-173.0,-201.0,success,C1
173,s18,-697.0,-39.0,-113.0,-6.0,-111.0,27.0,-455.0,success,C1
174,s18,313.0,297.0,-264.0,319.0,-485.0,355.0,91.0,success,C1
175,s18,-328.0,741.0,-919.0,-345.0,179.0,255.0,-239.0,success,C1
176,s18,-110.0,-552.0,793.0,-345.0,-17.0,368.0,-357.0,success,C1
177,s19,228.0,223.0,251.0,-318.0,560.0,109.0,-597.0,success,C1
178,s19,128.0,507.0,-62.0,-496.0,33.0,88.0,58.0,success,C1
179,s19,184.0,31.0,80.0,-546.0,481.0,495.0,-357.0,success,C1
180,s19,-16.0,373.0,-150.0,-496.0,255.0,84.0,-82.0,success,C1
181,s19,-155.0,275.0,-44.0,-463.0,513.0,-34.0,-402.0,success,C1
182,s19,407.0,263.0,-69.0,-220.0,667.0,-458.0,224.0,success,C1
183,s19,181.0,-6.0,-366.0,273.0,53.0,105.0,122.0,success,C1
184,s19,-488.0,-652.0,195.0,-222.0,117.0,-72.0,146.0,success,C1
185,s19,-38.0,-73.0,-237.0,73.0,-77.0,495.0,-219.0,success,C1
186,s19,-298.0,-213.0,-93.0,-232.0,401.0,105.0,-266.0,success,C1
187,s20,-224.0,-350.0,350.0,-5.0,82.0,-384.0,83.0,success,C1
188,s20,-314.0,-129.0,-2402.0,-384.0,-631.0,3361.0,-129.0,success,C1
189,s20,-100.0,-664.0,909.0,-451.0,350.0,-167.0,-77.0,success,C1
190,s20,-112.0,-646.0,909.0,-585.0,146.0,104.0,-40.0,success,C1
191,s20,-10.0,-475.0,608.0,-5.0,17.0,-267.0,112.0,success,C1
192,s20,183.0,708.0,-207.0,-300.0,,,301.0,partial_success,C1
193,s20,-73.0,-815.0,641.0,1138.0,-982.0,1.0,-56.0,success,C1
194,s20,102.0,-574.0,672.0,245.0,-61.0,-257.0,77.0,success,C1
195,s20,-347.0,-558.0,636.0,-318.0,206.0,-123.0,-190.0,success,C1
196,s20,-187.0,-536.0,-1470.0,-828.0,2696.0,190.0,-239.0,success,C1
197,s21,-161.0,260.0,41.0,-351.0,-6.0,-10.0,-95.0,success,C1
198,s21,186.0,95.0,95.0,-50.0,-15.0,-51.0,112.0,success,C1
199,s21,46.0,-27.0,139.0,23.0,-787.0,653.0,45.0,success,C1
200,s21,130.0,-118.0,450.0,-331.0,16.0,139.0,-26.0,success,C1
201,s21,,,231.0,-234.0,240.0,-34.0,185.0,failure,C1
202,s21,-112.0,458.0,-412.0,94.0,-238.0,4.0,-18.0,success,C1
203,s21,114.0,547.0,-362.0,-211.0,-156.0,178.0,118.0,success,C1
204,s21,-50.0,110.0,24.0,-84.0,-133.0,38.0,-5.0,success,C1
205,s21,129.0,44.0,1.0,184.0,-323.0,-85.0,308.0,success,C1
206,s22,259.0,162.0,-240.0,30.0,49.0,261.0,-3.0,success,C1
207,s22,543.0,21.0,3124.0,,,22.0,857.0,partial_success,C1
208,s22,117.0,-43.0,-42.0,796.0,-865.0,-50.0,322.0,success,C1
209,s22,219.0,56.0,2819.0,690.0,,,902.0,partial_success,C1
210,s22,61.0,104.0,-261.0,-41.0,317.0,195.0,-253.0,success,C1
211,s22,221.0,-100.0,-39.0,-111.0,-128.0,244.0,355.0,success,C1
212,s23,-353.0,-39.0,-84.0,-351.0,16.0,-151.0,256.0,success,C1
213,s23,-201.0,79.0,-565.0,351.0,1.0,87.0,-154.0,success,C1
214,s23,-110.0,-318.0,-205.0,-61.0,202.0,-184.0,456.0,success,C1
215,s23,-301.0,-77.0,-225.0,-111.0,202.0,121.0,-211.0,success,C1
216,s23,184.0,-161.0,-188.0,144.0,166.0,-77.0,300.0,success,C1
217,s23,-131.0,-128.0,-157.0,-29.0,218.0,-134.0,99.0,success,C1
218,s23,-100.0,-265.0,-378.0,210.0,-5.0,154.0,184.0,success,C1
219,s23,-151.0,-11.0,-206.0,-13.0,234.0,-167.0,11.0,success,C1
220,s23,-493.0,-111.0,-229.0,127.0,-195.0,87.0,-172.0,success,C1
221,s23,-391.0,-28.0,-307.0,62.0,66.0,-184.0,0.0,success,C1
222,s24,-288.0,-182.0,-650.0,1383.0,-726.0,37.0,-150.0,success,C1
223,s24,95.0,89.0,-492.0,792.0,-643.0,484.0,-135.0,success,C1
224,s24,200.0,-51.0,256.0,349.0,-244.0,-168.0,58.0,success,C1
225,s24,-87.0,-285.0,-99.0,591.0,-575.0,312.0,-31.0,success,C1
226,s24,256.0,-51.0,-414.0,1118.0,-485.0,-273.0,361.0,success,C1
227,s24,39.0,56.0,-74.0,-263.0,489.0,-18.0,-151.0,success,C1
228,s24,-355.0,-135.0,-480.0,863.0,-623.0,359.0,-339.0,success,C1
229,s24,44.0,-15.0,-222.0,696.0,-453.0,123.0,-85.0,success,C1
230,s24,277.0,204.0,-374.0,797.0,-419.0,-117.0,186.0,success,C1
231,s25,188.0,72.0,31.0,61.0,-172.0,107.0,89.0,success,C1
232,s25,66.0,18.0,-24.0,257.0,-41.0,-28.0,-116.0,success,C1
233,s25,-306.0,43.0,156.0,-73.0,121.0,111.0,-664.0,success,C1
234,s25,-115.0,-29.0,11.0,-105.0,87.0,-272.0,194.0,success,C1
235,s25,-81.0,-135.0,189.0,-186.0,124.0,-118.0,45.0,success,C1
236,s25,13.0,0.0,-68.0,-174.0,122.0,-11.0,144.0,success,C1
237,s25,-109.0,7.0,-35.0,-56.0,72.0,-168.0,71.0,success,C1
238,s25,2.0,-11.0,-35.0,-11.0,239.0,-167.0,-13.0,success,C1
239,s25,57.0,49.0,15.0,-73.0,128.0,-118.0,56.0,success,C1
240,s25,-47.0,847.0,-1060.0,178.0,78.0,-46.0,-44.0,success,C1
241,s26,118.0,-97.0,-24.0,-187.0,330.0,178.0,-82.0,success,C1
242,s26,-87.0,40.0,-249.0,45.0,136.0,-83.0,24.0,success,C1
243,s26,-92.0,3.0,3598.0,-61.0,,,-100.0,partial_success,C1
244,s26,8.0,-189.0,2961.0,,,248.0,-19.0,partial_success,C1
245,s26,49.0,23.0,-86.0,-150.0,-2.0,104.0,160.0,success,C1
246,s26,-40.0,-169.0,-555.0,352.0,138.0,154.0,40.0,success,C1
247,s26,6.0,73.0,375.0,-172.0,-330.0,163.0,-103.0,success,C1
248,s26,-1.0,-102.0,3015.0,,,156.0,41.0,partial_success,C1
249,s26,14.0,-102.0,-74.0,-151.0,302.0,71.0,-32.0,success,C1
250,s26,101.0,90.0,-209.0,-82.0,136.0,-53.0,219.0,success,C1
251,s27,-181.0,-40.0,17.0,-79.0,-290.0,150.0,61.0,success,C1
252,s27,20.0,190.0,-280.0,78.0,-68.0,94.0,6.0,success,C1
253,s27,-52.0,27.0,-196.0,217.0,139.0,-194.0,-45.0,success,C1
254,s27,276.0,-73.0,255.0,-317.0,316.0,-356.0,451.0,success,C1
255,s27,-321.0,27.0,-39.0,22.0,-62.0,-112.0,-157.0,success,C1
256,s27,-116.0,166.0,32.0,-27.0,76.0,-284.0,-79.0,success,C1
257,s27,230.0,59.0,-188.0,127.0,-69.0,-55.0,356.0,success,C1
258,s27,-41.0,-22.0,-158.0,78.0,212.0,-168.0,17.0,success,C1
259,s27,-248.0,-7.0,138.0,-78.0,-256.0,-6.0,-39.0,success,C1
260,s27,-537.0,-40.0,-140.0,6.0,218.0,-474.0,-107.0,success,C1
261,s28,80.0,1.0,-30.0,57.0,-161.0,138.0,75.0,success,C1
262,s28,44.0,24.0,-31.0,58.0,-31.0,41.0,-17.0,success,C1
263,s28,114.0,124.0,-67.0,-27.0,-79.0,145.0,18.0,success,C1
264,s28,-49.0,-53.0,-82.0,-10.0,-43.0,1.0,138.0,success,C1
265,s28,-125.0,-87.0,8.0,267.0,-489.0,70.0,106.0,success,C1
266,s28,-10.0,39.0,-32.0,-30.0,-26.0,89.0,-50.0,success,C1
267,s28,-64.0,-3.0,-68.0,-26.0,-6.0,139.0,-100.0,success,C1
268,s28,25.0,17.0,-101.0,180.0,-204.0,40.0,94.0,success,C1
269,s28,-165.0,90.0,-2.0,-300.0,-115.0,125.0,38.0,success,C1
270,s28,-198.0,33.0,50.0,-163.0,-302.0,-10.0,195.0,success,C1
271,s29,-33.0,16.0,-331.0,-45.0,241.0,121.0,-34.0,success,C1
272,s29,5.0,218.0,112.0,-335.0,48.0,-26.0,-12.0,success,C1
273,s29,-148.0,-78.0,-139.0,272.0,-297.0,144.0,-50.0,success,C1
274,s29,-106.0,-11.0,-379.0,-129.0,376.0,-19.0,56.0,success,C1
275,s29,,,-8.0,61.0,18.0,-95.0,111.0,failure,C1
276,s29,533.0,69.0,-289.0,186.0,-9.0,131.0,445.0,success,C1
277,s29,-31.0,27.0,-178.0,9.0,117.0,5.0,-11.0,success,C1
278,s29,-361.0,-45.0,-127.0,-6.0,-171.0,94.0,-106.0,success,C1
279,s29,-92.0,-8.0,-212.0,305.0,-516.0,193.0,146.0,success,C1
280,s29,268.0,72.0,-77.0,-128.0,34.0,87.0,280.0,success,C1
281,s30,473.0,168.0,-296.0,-157.0,224.0,127.0,407.0,success,C1
282,s30,179.0,63.0,-446.0,149.0,150.0,-244.0,507.0,success,C1
283,s30,22.0,163.0,-331.0,-291.0,392.0,-39.0,128.0,success,C1
284,s30,135.0,261.0,-165.0,128.0,-340.0,334.0,-83.0,success,C1
285,s30,-262.0,111.0,18.0,82.0,-545.0,334.0,-262.0,success,C1
286,s30,-117.0,245.0,-49.0,-56.0,-140.0,251.0,-368.0,success,C1
287,s30,-40.0,-29.0,245.0,-55.0,-240.0,200.0,-161.0,success,C1
288,s30,-39.0,300.0,-49.0,-329.0,-239.0,340.0,-62.0,success,C1
289,s30,30.0,146.0,-100.0,-23.0,-82.0,349.0,-260.0,success,C1
290,s30,-112.0,229.0,-68.0,-344.0,-157.0,522.0,-294.0,success,C1
291,s01,-406.0,-81.0,-278.0,100.0,-303.0,302.0,-146.0,success,C2
292,s01,-359.0,-196.0,-55.0,227.0,-299.0,411.0,-447.0,success,C2
293,s01,-749.0,-597.0,157.0,48.0,-42.0,105.0,-420.0,success,C2
294,s01,-371.0,-94.0,125.0,67.0,-8.0,24.0,-485.0,success,C2
295,s01,-388.0,38.0,-60.0,67.0,-35.0,-44.0,-354.0,success,C2
296,s01,-640.0,426.0,-227.0,-118.0,265.0,6.0,-992.0,success,C2
297,s01,176.0,402.0,-204.0,66.0,209.0,55.0,-352.0,success,C2
298,s01,98.0,-76.0,122.0,-92.0,-137.0,492.0,-211.0,success,C2
299,s01,97.0,184.0,-70.0,216.0,-379.0,266.0,-119.0,success,C2
300,s01,-263.0,5.0,-342.0,318.0,-307.0,402.0,-339.0,success,C2
301,s02,,,,,,,,failure,C2
302,s02,,,,,,,,failure,C2
303,s02,164.0,182.0,80.0,-546.0,451.0,-146.0,143.0,success,C2
304,s02,-184.0,-128.0,-73.0,-145.0,290.0,-271.0,143.0,success,C2
305,s02,,,,,,,,failure,C2
306,s02,395.0,494.0,-221.0,48.0,161.0,-431.0,344.0,success,C2
307,s02,,,,,,,,failure,C2
308,s02,194.0,149.0,6.0,-214.0,114.0,57.0,82.0,success,C2
309,s02,,,,,,,,failure,C2
310,s03,-7.0,134.0,-94.0,26.0,183.0,151.0,-407.0,success,C2
311,s03,-67.0,99.0,83.0,-224.0,65.0,182.0,-271.0,success,C2
312,s03,-151.0,-110.0,243.0,-14.0,-177.0,427.0,-520.0,success,C2
313,s03,-190.0,233.0,-152.0,-20.0,-111.0,266.0,-406.0,success,C2
314,s03,-84.0,367.0,-403.0,481.0,-170.0,-114.0,-245.0,success,C2
315,s03,-357.0,6.0,-163.0,570.0,-664.0,277.0,-383.0,success,C2
316,s03,0.0,168.0,-254.0,-86.0,14.0,361.0,-203.0,success,C2
317,s03,195.0,318.0,-406.0,-184.0,392.0,249.0,-174.0,success,C2
318,s03,31.0,25.0,177.0,124.0,-319.0,202.0,-178.0,success,C2
319,s03,-263.0,-213.0,12.0,832.0,-950.0,131.0,-75.0,success,C2
320,s04,207.0,218.0,-61.0,333.0,-624.0,301.0,40.0,success,C2
321,s04,1133.0,156.0,-237.0,596.0,-420.0,106.0,932.0,success,C2
322,s04,207.0,207.0,-205.0,358.0,-310.0,265.0,-108.0,success,C2
323,s04,202.0,-958.0,1159.0,-394.0,213.0,428.0,-246.0,success,C2
324,s04,450.0,172.0,-272.0,576.0,-272.0,216.0,31.0,success,C2
325,s04,70.0,173.0,-222.0,590.0,-457.0,267.0,-281.0,success,C2
326,s04,540.0,398.0,-156.0,477.0,-738.0,166.0,393.0,success,C2
327,s04,-41.0,22.0,-20.0,293.0,-410.0,101.0,-28.0,success,C2
328,s04,246.0,383.0,-72.0,-111.0,49.0,32.0,-35.0,success,C2
329,s04,164.0,189.0,-300.0,613.0,-529.0,98.0,93.0,success,C2
330,s05,159.0,-45.0,-362.0,1756.0,-1699.0,722.0,-213.0,success,C2
331,s05,309.0,-126.0,-446.0,134.0,-1145.0,1926.0,-33.0,success,C2
332,s05,-575.0,-119.0,-303.0,267.0,-292.0,1000.0,-1128.0,success,C2
333,s05,170.0,157.0,-379.0,268.0,2.0,610.0,-488.0,success,C2
334,s05,,,,,,,,failure,C2
335,s05,-358.0,-591.0,647.0,-243.0,-124.0,350.0,-397.0,success,C2
336,s05,290.0,-240.0,-1878.0,2068.0,-244.0,4.0,580.0,success,C2
337,s05,-677.0,-290.0,-1777.0,1984.0,-336.0,854.0,-1112.0,success,C2
338,s05,258.0,-617.0,-1995.0,444.0,-2181.0,4432.0,176.0,success,C2
339,s05,-88.0,-514.0,-1139.0,1638.0,-742.0,1032.0,-362.0,success,C2
340,s06,-165.0,99.0,-215.0,271.0,-435.0,106.0,9.0,success,C2
341,s06,-686.0,39.0,-154.0,465.0,-393.0,-3.0,-640.0,success,C2
342,s06,-89.0,-205.0,14.0,15.0,64.0,-122.0,144.0,success,C2
343,s06,153.0,140.0,-5.0,234.0,-334.0,213.0,-95.0,success,C2
344,s06,-36.0,-153.0,-266.0,722.0,-544.0,-20.0,225.0,success,C2
345,s06,-487.0,-222.0,-199.0,-28.0,53.0,138.0,-228.0,success,C2
346,s06,,,156.0,23.0,-360.0,290.0,-313.0,failure,C2
347,s06,-416.0,200.0,-545.0,184.0,-209.0,140.0,-185.0,success,C2
348,s06,-124.0,124.0,-317.0,316.0,-252.0,90.0,-85.0,success,C2
349,s06,-330.0,-60.0,-344.0,251.0,-221.0,206.0,-162.0,success,C2
350,s07,-2.0,671.0,-640.0,-327.0,166.0,39.0,89.0,success,C2
351,s07,-1438.0,511.0,-657.0,34.0,-372.0,56.0,-1010.0,success,C2
352,s07,544.0,315.0,-136.0,648.0,-760.0,-110.0,587.0,success,C2
353,s07,106.0,955.0,-480.0,-354.0,256.0,-78.0,-193.0,success,C2
354,s07,158.0,409.0,-555.0,99.0,-45.0,-145.0,395.0,success,C2
355,s07,130.0,412.0,-489.0,-339.0,40.0,65.0,441.0,success,C2
356,s07,-138.0,25.0,-35.0,166.0,-305.0,332.0,-321.0,success,C2
357,s07,146.0,547.0,-592.0,83.0,-328.0,-86.0,522.0,success,C2
358,s07,293.0,56.0,-179.0,-51.0,376.0,-194.0,285.0,success,C2
359,s07,675.0,1199.0,-555.0,-2.0,-113.0,74.0,72.0,success,C2
360,s08,381.0,335.0,21.0,-143.0,-173.0,234.0,107.0,success,C2
361,s08,-64.0,40.0,-62.0,202.0,53.0,-51.0,-245.0,success,C2
362,s08,-148.0,72.0,-170.0,299.0,-271.0,166.0,-244.0,success,C2
363,s08,70.0,132.0,147.0,327.0,-284.0,184.0,-436.0,success,C2
364,s08,123.0,303.0,-146.0,572.0,-510.0,81.0,-177.0,success,C2
365,s08,-438.0,-143.0,150.0,304.0,-410.0,134.0,-473.0,success,C2
366,s08,-4.0,84.0,54.0,194.0,-568.0,317.0,-85.0,success,C2
367,s08,-1.0,167.0,-97.0,453.0,-384.0,21.0,-161.0,success,C2
368,s08,54.0,100.0,-204.0,460.0,-375.0,284.0,-211.0,success,C2
369,s08,46.0,160.0,-36.0,-229.0,-72.0,401.0,-178.0,success,C2
370,s09,-67.0,-44.0,-230.0,546.0,-409.0,107.0,-37.0,success,C2
371,s09,-470.0,-229.0,-62.0,648.0,-760.0,117.0,-184.0,success,C2
372,s09,-716.0,-25.0,-355.0,-36.0,139.0,-61.0,-377.0,success,C2
373,s09,-702.0,-113.0,-223.0,-53.0,-106.0,-222.0,15.0,success,C2
374,s09,-326.0,-61.0,-272.0,328.0,-183.0,-220.0,82.0,success,C2
375,s09,-185.0,267.0,-237.0,249.0,-232.0,-104.0,-128.0,success,C2
376,s09,-201.0,5.0,-137.0,-26.0,-105.0,-54.0,117.0,success,C2
377,s09,-655.0,-44.0,-533.0,822.0,-652.0,-87.0,-161.0,success,C2
378,s09,-529.0,-304.0,-38.0,410.0,-409.0,-431.0,243.0,success,C2
379,s09,-234.0,-127.0,-71.0,150.0,-309.0,207.0,-84.0,success,C2
380,s10,,2084.0,410.0,410.0,-409.0,362.0,5468.0,failure,C2
381,s10,,268.0,99.0,527.0,-359.0,654.0,6056.0,failure,C2
382,s10,,318.0,248.0,333.0,-357.0,344.0,5550.0,failure,C2
383,s10,,1208.0,703.0,706.0,-612.0,688.0,9902.0,failure,C2
384,s10,,7.0,527.0,116.0,-231.0,-1.0,6848.0,failure,C2
385,s10,,,705.0,395.0,-315.0,721.0,1412.0,failure,C2
386,s10,,754.0,100.0,150.0,-281.0,521.0,7303.0,failure,C2
387,s10,,,932.0,200.0,-465.0,814.0,4669.0,failure,C2
388,s10,,446.0,351.0,494.0,-449.0,669.0,4215.0,failure,C2
389,s10,,,300.0,32.0,-129.0,361.0,6056.0,failure,C2
390,s11,223.0,-55.0,-689.0,938.0,-702.0,26.0,706.0,success,C2
391,s11,-382.0,-54.0,-471.0,544.0,-490.0,39.0,50.0,success,C2
392,s11,521.0,-365.0,302.0,1194.0,-1338.0,267.0,462.0,success,C2
393,s11,,988.0,-779.0,72.0,-36.0,-87.0,2987.0,failure,C2
394,s11,-181.0,-336.0,448.0,426.0,-414.0,-11.0,-294.0,success,C2
395,s11,121.0,-630.0,229.0,560.0,-640.0,511.0,91.0,success,C2
396,s11,-100.0,-348.0,206.0,526.0,-573.0,152.0,-63.0,success,C2
397,s11,901.0,763.0,183.0,446.0,-315.0,-207.0,32.0,success,C2
398,s11,-993.0,-665.0,-296.0,23.0,-69.0,26.0,-12.0,success,C2
399,s11,-528.0,-648.0,268.0,530.0,-464.0,106.0,-320.0,success,C2
400,s12,-134.0,488.0,-364.0,-49.0,7.0,-114.0,-102.0,success,C2
401,s12,1681.0,264.0,4.0,-295.0,256.0,8.0,1444.0,success,C2
402,s12,695.0,627.0,-433.0,266.0,-306.0,55.0,486.0,success,C2
403,s12,,,,,,,,failure,C2
404,s12,0.0,129.0,-143.0,-60.0,-231.0,95.0,210.0,success,C2
405,s12,45.0,799.0,-700.0,185.0,16.0,-12.0,-243.0,success,C2
406,s12,309.0,-94.0,107.0,376.0,-154.0,202.0,-127.0,success,C2
407,s12,200.0,300.0,-145.0,134.0,-246.0,352.0,-195.0,success,C2
408,s12,339.0,-127.0,170.0,40.0,-170.0,-95.0,521.0,success,C2
409,s12,323.0,39.0,61.0,-105.0,-79.0,56.0,351.0,success,C2
410,s13,82.0,950.0,-599.0,155.0,17.0,-288.0,-151.0,success,C2
411,s13,1364.0,704.0,970.0,1856.0,,,947.0,partial_success,C2
412,s13,95.0,285.0,-124.0,295.0,-172.0,-204.0,15.0,success,C2
413,s13,332.0,300.0,-86.0,343.0,-204.0,-104.0,84.0,success,C2
414,s13,15.0,283.0,-465.0,410.0,-174.0,123.0,-162.0,success,C2
415,s13,584.0,527.0,-22.0,275.0,-190.0,-172.0,166.0,success,C2
416,s13,138.0,73.0,-171.0,428.0,-254.0,-87.0,149.0,success,C2
417,s13,405.0,299.0,-122.0,343.0,-372.0,74.0,183.0,success,C2
418,s13,-197.0,5.0,-224.0,276.0,-64.0,6.0,-196.0,success,C2
419,s13,88.0,201.0,-88.0,345.0,-255.0,29.0,-144.0,success,C2
420,s14,-173.0,216.0,-390.0,-295.0,477.0,-204.0,23.0,success,C2
421,s14,,,,,,,,failure,C2
422,s14,280.0,117.0,132.0,-178.0,48.0,-10.0,171.0,success,C2
423,s14,-436.0,-28.0,-278.0,-143.0,,,-286.0,partial_success,C2
424,s14,37.0,-347.0,-18.0,-144.0,175.0,-160.0,531.0,success,C2
425,s14,-927.0,-667.0,99.0,-94.0,191.0,-321.0,-135.0,success,C2
426,s14,547.0,-406.0,210.0,209.0,,,1194.0,partial_success,C2
427,s14,622.0,55.0,-68.0,-177.0,292.0,-194.0,714.0,success,C2
428,s15,-409.0,-549.0,-309.0,881.0,-195.0,23.0,-260.0,success,C2
429,s15,,-740.0,1145.0,443.0,-744.0,,,failure,C2
430,s15,,-944.0,504.0,384.0,-206.0,,,failure,C2
431,s15,,-473.0,258.0,494.0,-450.0,,,failure,C2
432,s15,,-825.0,653.0,417.0,-120.0,,,failure,C2
433,s15,-623.0,-337.0,25.0,999.0,-1385.0,1276.0,-1201.0,success,C2
434,s15,-101.0,-78.0,24.0,444.0,-435.0,543.0,-598.0,success,C2
435,s15,91.0,-355.0,111.0,542.0,-522.0,444.0,-129.0,success,C2
436,s15,57.0,-471.0,319.0,317.0,-297.0,216.0,-26.0,success,C2
437,s15,,-182.0,412.0,543.0,-609.0,,,failure,C2
438,s16,-909.0,-77.0,14.0,1109.0,-1458.0,350.0,-847.0,success,C2
439,s16,-649.0,-205.0,-254.0,663.0,-497.0,-10.0,-346.0,success,C2
440,s16,-237.0,-147.0,-111.0,-395.0,443.0,-26.0,-1.0,success,C2
441,s16,-435.0,-270.0,-72.0,430.0,-496.0,25.0,-51.0,success,C2
442,s16,-651.0,-12.0,-363.0,284.0,-485.0,237.0,-312.0,success,C2
443,s16,-655.0,-422.0,-296.0,202.0,-50.0,-50.0,-39.0,success,C2
444,s16,-433.0,-178.0,-315.0,-26.0,-272.0,264.0,95.0,success,C2
445,s16,-385.0,-110.0,-283.0,3062.0,,,-127.0,partial_success,C2
446,s16,-517.0,-44.0,-291.0,780.0,-759.0,-228.0,25.0,success,C2
447,s16,-446.0,-161.0,-191.0,151.0,-317.0,142.0,-70.0,success,C2
448,s17,198.0,343.0,-311.0,233.0,-423.0,139.0,217.0,success,C2
449,s17,597.0,82.0,23.0,-95.0,25.0,-170.0,732.0,success,C2
450,s17,-392.0,-321.0,21.0,-223.0,292.0,-454.0,293.0,success,C2
451,s17,408.0,310.0,9.0,133.0,-537.0,267.0,226.0,success,C2
452,s17,-356.0,-61.0,24.0,-43.0,-269.0,266.0,-272.0,success,C2
453,s17,1708.0,66.0,-93.0,-44.0,140.0,-363.0,2002.0,success,C2
454,s17,452.0,216.0,34.0,91.0,-389.0,225.0,275.0,success,C2
455,s17,625.0,325.0,-527.0,30.0,-25.0,23.0,799.0,success,C2
456,s17,1007.0,201.0,-269.0,283.0,-455.0,40.0,1208.0,success,C2
457,s17,776.0,115.0,-91.0,22.0,-303.0,141.0,892.0,success,C2
458,s18,-243.0,259.0,-139.0,544.0,-554.0,48.0,-401.0,success,C2
459,s18,-270.0,301.0,-203.0,334.0,-310.0,-155.0,-237.0,success,C2
460,s18,-214.0,195.0,-268.0,69.0,81.0,117.0,-408.0,success,C2
461,s18,-56.0,-8.0,170.0,317.0,-350.0,-96.0,-89.0,success,C2
462,s18,66.0,295.0,31.0,117.0,-58.0,-96.0,-223.0,success,C2
463,s18,155.0,480.0,-28.0,-152.0,-63.0,-151.0,69.0,success,C2
464,s18,-256.0,226.0,187.0,-228.0,-56.0,49.0,-434.0,success,C2
465,s18,26.0,806.0,-464.0,101.0,-434.0,141.0,-124.0,success,C2
466,s18,-375.0,-204.0,94.0,-84.0,-249.0,286.0,-218.0,success,C2
467,s18,-375.0,-1014.0,874.0,159.0,-208.0,-95.0,-91.0,success,C2
468,s19,-20.0,252.0,-173.0,-48.0,141.0,-344.0,152.0,success,C2
469,s19,-622.0,-196.0,-250.0,-235.0,829.0,-857.0,87.0,success,C2
470,s19,417.0,302.0,-105.0,-285.0,-178.0,286.0,397.0,success,C2
471,s19,-529.0,-573.0,146.0,-236.0,568.0,-378.0,-56.0,success,C2
472,s19,-904.0,-916.0,-2916.0,-690.0,-877.0,4627.0,-132.0,success,C2
473,s19,-354.0,-448.0,471.0,-681.0,486.0,-436.0,254.0,success,C2
474,s19,165.0,-228.0,418.0,-429.0,-128.0,136.0,396.0,success,C2
475,s19,-30.0,-396.0,-232.0,44.0,424.0,-537.0,667.0,success,C2
476,s19,-67.0,-295.0,54.0,-386.0,223.0,42.0,295.0,success,C2
477,s19,-323.0,-196.0,-38.0,-207.0,222.0,-354.0,250.0,success,C2
478,s20,-1769.0,-582.0,-1549.0,-472.0,-612.0,-371.0,1817.0,success,C2
479,s20,-1850.0,-599.0,-446.0,-372.0,-1820.0,2706.0,-1319.0,success,C2
480,s20,542.0,-416.0,-1475.0,-438.0,-1795.0,4482.0,184.0,success,C2
481,s20,47.0,90.0,-1719.0,-572.0,-1759.0,4757.0,-750.0,success,C2
482,s20,,-222.0,-1776.0,261.0,-1409.0,-254.0,3074.0,failure,C2
483,s20,-382.0,738.0,-1392.0,1175.0,-389.0,611.0,-1124.0,success,C2
484,s20,578.0,409.0,-279.0,-288.0,-707.0,989.0,454.0,success,C2
485,s20,262.0,-810.0,-1223.0,-222.0,-994.0,2191.0,1320.0,success,C2
486,s20,-446.0,-549.0,-1510.0,-304.0,-972.0,1349.0,1540.0,success,C2
487,s20,-508.0,-768.0,743.0,-92.0,-2333.0,-37.0,1979.0,success,C2
488,s21,-2943.0,-207.0,85.0,393.0,-947.0,,-322.0,partial_success,C2
489,s21,-148.0,-128.0,-346.0,451.0,-708.0,694.0,-111.0,success,C2
490,s21,-47.0,-497.0,425.0,1016.0,-1249.0,679.0,-421.0,success,C2
491,s21,,-105.0,,,,,,failure,C2
492,s21,,-677.0,521.0,512.0,-693.0,,,failure,C2
493,s21,-196.0,-244.0,106.0,360.0,-692.0,266.0,8.0,success,C2
494,s21,-212.0,-639.0,400.0,539.0,-610.0,444.0,-346.0,success,C2
495,s21,,-356.0,-178.0,661.0,-827.0,,,failure,C2
496,s21,-427.0,-422.0,527.0,-35.0,-532.0,1148.0,-1113.0,success,C2
497,s22,173.0,-304.0,38.0,294.0,-400.0,283.0,262.0,success,C2
498,s22,-266.0,-207.0,-200.0,327.0,95.0,39.0,-320.0,success,C2
499,s22,-469.0,-270.0,-251.0,343.0,-360.0,207.0,-137.0,success,C2
500,s22,-611.0,-171.0,222.0,232.0,-656.0,284.0,-522.0,success,C2
501,s22,691.0,-122.0,-476.0,,,,493.0,partial_success,C2
502,s22,362.0,-88.0,-248.0,1127.0,-1074.0,21.0,624.0,success,C2
503,s23,-687.0,-18.0,-289.0,150.0,-189.0,105.0,-446.0,success,C2
504,s23,-48.0,-144.0,-47.0,377.0,-204.0,104.0,-134.0,success,C2
505,s23,36.0,184.0,-171.0,444.0,-248.0,73.0,-246.0,success,C2
506,s23,328.0,-61.0,-190.0,150.0,-3.0,139.0,293.0,success,C2
507,s23,94.0,100.0,-154.0,165.0,-283.0,184.0,82.0,success,C2
508,s23,-229.0,133.0,-122.0,-256.0,257.0,-121.0,-120.0,success,C2
509,s23,-198.0,-3.0,-105.0,-12.0,29.0,-72.0,-35.0,success,C2
510,s23,-10.0,5.0,-172.0,6.0,27.0,90.0,33.0,success,C2
511,s23,-356.0,-95.0,46.0,-96.0,79.0,-139.0,-151.0,success,C2
512,s23,-485.0,233.0,-272.0,-161.0,105.0,73.0,-463.0,success,C2
513,s24,98.0,74.0,113.0,-34.0,27.0,-189.0,107.0,success,C2
514,s24,,,,,,,,failure,C2
515,s24,340.0,693.0,-678.0,376.0,-214.0,89.0,74.0,success,C2
516,s24,294.0,704.0,-793.0,377.0,-64.0,-155.0,225.0,success,C2
517,s24,393.0,694.0,-872.0,669.0,-459.0,223.0,138.0,success,C2
518,s24,176.0,561.0,-528.0,-3.0,46.0,-5.0,105.0,success,C2
519,s24,262.0,122.0,-205.0,409.0,-602.0,380.0,158.0,success,C2
520,s24,,,,,,,,failure,C2
521,s24,418.0,708.0,-583.0,343.0,-393.0,383.0,-40.0,success,C2
522,s25,,,82.0,326.0,-380.0,,-137.0,failure,C2
523,s25,,,255.0,530.0,-251.0,16336.0,16975.0,failure,C2
524,s25,,3235.0,687.0,681.0,-812.0,6719.0,5195.0,failure,C2
525,s25,,,533.0,403.0,-356.0,4127.0,4120.0,failure,C2
526,s25,,1099.0,-244.0,560.0,-566.0,3066.0,5434.0,failure,C2
527,s25,,,1191.0,92.0,-323.0,3910.0,4313.0,failure,C2
528,s25,,,736.0,453.0,-372.0,4479.0,3505.0,failure,C2
529,s25,,,5.0,1224.0,-937.0,5214.0,3177.0,failure,C2
530,s25,,,1030.0,-295.0,-557.0,5750.0,1538.0,failure,C2
531,s25,,,1158.0,-36.0,-372.0,2656.0,10707.0,failure,C2
532,s26,,,,,,,,failure,C2
533,s26,-169.0,-188.0,282.0,-177.0,-57.0,-70.0,41.0,success,C2
534,s26,61.0,-225.0,46.0,-44.0,-103.0,230.0,157.0,success,C2
535,s26,145.0,309.0,-117.0,25.0,-89.0,-219.0,237.0,success,C2
536,s26,-54.0,40.0,-47.0,351.0,-452.0,122.0,-68.0,success,C2
537,s26,102.0,-154.0,445.0,-110.0,-307.0,-72.0,300.0,success,C2
538,s26,144.0,91.0,-310.0,569.0,-56.0,-303.0,153.0,success,C2
539,s26,-102.0,157.0,-63.0,-136.0,-47.0,-71.0,58.0,success,C2
540,s26,-89.0,-89.0,-40.0,-138.0,-134.0,87.0,225.0,success,C2
541,s26,-241.0,351.0,-175.0,175.0,-65.0,-39.0,-488.0,success,C2
542,s27,-266.0,-18.0,55.0,181.0,-255.0,-68.0,-161.0,success,C2
543,s27,-310.0,-513.0,-249.0,343.0,-28.0,114.0,23.0,success,C2
544,s27,103.0,49.0,-166.0,242.0,-61.0,66.0,-27.0,success,C2
545,s27,-524.0,-52.0,-433.0,670.0,-607.0,384.0,-486.0,success,C2
546,s27,-166.0,50.0,-250.0,527.0,-263.0,150.0,-380.0,success,C2
547,s27,287.0,-52.0,-417.0,721.0,-364.0,460.0,-61.0,success,C2
548,s27,397.0,81.0,-398.0,636.0,-30.0,210.0,-102.0,success,C2
549,s27,367.0,0.0,-367.0,587.0,-229.0,821.0,-445.0,success,C2
550,s27,155.0,14.0,-550.0,670.0,-221.0,259.0,-17.0,success,C2
551,s27,-382.0,-263.0,-348.0,511.0,-463.0,754.0,-573.0,success,C2
552,s28,-15.0,13.0,14.0,317.0,-361.0,154.0,-152.0,success,C2
553,s28,-49.0,-203.0,13.0,75.0,12.0,58.0,-4.0,success,C2
554,s28,19.0,-347.0,216.0,233.0,-280.0,166.0,31.0,success,C2
555,s28,,,933.0,7.0,-240.0,258.0,-89.0,failure,C2
556,s28,-463.0,-318.0,51.0,48.0,33.0,87.0,-364.0,success,C2
557,s28,,,1470.0,231.0,-227.0,,,failure,C2
558,s28,,-233.0,213.0,236.0,-447.0,,,failure,C2
559,s28,,-214.0,180.0,202.0,-165.0,,,failure,C2
560,s28,,-381.0,281.0,-43.0,-72.0,,,failure,C2
561,s28,,-198.0,333.0,98.0,-264.0,,,failure,C2
562,s29,589.0,273.0,-57.0,459.0,-448.0,140.0,223.0,success,C2
563,s29,151.0,-245.0,147.0,410.0,-403.0,-9.0,251.0,success,C2
564,s29,243.0,-549.0,383.0,-186.0,221.0,-322.0,696.0,success,C2
565,s29,32.0,-238.0,-105.0,132.0,-69.0,-250.0,562.0,success,C2
566,s29,194.0,-27.0,27.0,-160.0,55.0,-77.0,376.0,success,C2
567,s29,-33.0,-158.0,232.0,-31.0,25.0,-92.0,-9.0,success,C2
568,s29,360.0,-196.0,96.0,275.0,-333.0,23.0,495.0,success,C2
569,s29,25.0,-28.0,148.0,14.0,-136.0,115.0,-88.0,success,C2
570,s29,54.0,-480.0,550.0,-152.0,-2.0,-274.0,412.0,success,C2
571,s29,-79.0,-155.0,197.0,-111.0,-173.0,105.0,58.0,success,C2
572,s30,157.0,682.0,-754.0,597.0,-465.0,392.0,-295.0,success,C2
573,s30,-389.0,-403.0,72.0,,,3433.0,-195.0,partial_success,C2
574,s30,-63.0,-304.0,188.0,950.0,-1030.0,715.0,-582.0,success,C2
575,s30,-195.0,-205.0,-127.0,638.0,-550.0,847.0,-798.0,success,C2
576,s30,-347.0,620.0,-920.0,352.0,-515.0,1092.0,-976.0,success,C2
577,s30,-207.0,754.0,-742.0,209.0,-349.0,764.0,-843.0,success,C2
578,s30,-120.0,-254.0,47.0,210.0,-205.0,958.0,-876.0,success,C2
579,s30,-119.0,-406.0,234.0,420.0,-449.0,858.0,-776.0,success,C2
580,s30,-52.0,-566.0,183.0,487.0,-532.0,864.0,-488.0,success,C2
581,s30,-196.0,739.0,-762.0,161.0,-122.0,552.0,-764.0,success,C2
